month,dimension,segment,recovered_amount,calendar_days,recovery_per_day,accounts
2026-03-01,risk_segment,HIGH,48172165.99999999,31,1553940.838709677,7552
2026-03-01,risk_segment,LOW,47079655.67,31,1518698.57,7513
2026-01-01,risk_segment,NPA,45861475.509999976,31,1479402.435806451,7402
2026-04-01,risk_segment,NPA,42713448.47,30,1423781.6156666665,7402
2026-02-01,risk_segment,MEDIUM,43914580.84000001,28,1568377.8871428575,7533
2026-07-01,risk_segment,HIGH,44438757.08999999,31,1433508.293225806,7552
2026-02-01,risk_segment,HIGH,41641034.13,28,1487179.790357143,7552
2026-07-01,risk_segment,MEDIUM,48183354.270000026,31,1554301.750645162,7533
2026-05-01,risk_segment,NPA,44297747.97,31,1428959.6119354838,7402
2026-07-01,risk_segment,LOW,49956487.04000001,31,1611499.5819354842,7513
2026-06-01,risk_segment,NPA,41202534.95999998,30,1373417.8319999992,7402
2026-02-01,risk_segment,LOW,41989569.239999995,28,1499627.4728571426,7513
2026-01-01,risk_segment,HIGH,48244020.669999994,31,1556258.7312903225,7552
2026-04-01,risk_segment,HIGH,41506700.79000004,30,1383556.6930000011,7552
2026-07-01,risk_segment,NPA,44663666.67999998,31,1440763.4412903218,7402
2026-05-01,risk_segment,MEDIUM,44932642.50999998,31,1449440.0809677413,7533
2026-06-01,risk_segment,LOW,43513786.27000001,30,1450459.5423333338,7513
2026-02-01,risk_segment,NPA,42597269.550000004,28,1521331.055357143,7402
2026-05-01,risk_segment,HIGH,49333069.449999996,31,1591389.337096774,7552
2026-03-01,risk_segment,NPA,48023892.17999999,31,1549157.8122580643,7402
2026-01-01,risk_segment,LOW,45440930.20999999,31,1465836.4583870966,7513
2026-04-01,risk_segment,LOW,47038152.010000005,30,1567938.4003333335,7513
2026-03-01,risk_segment,MEDIUM,45636660.17000005,31,1472150.3280645176,7533
2026-06-01,risk_segment,HIGH,44931826.97,30,1497727.5656666667,7552
2026-05-01,risk_segment,LOW,45686818.570000015,31,1473768.3409677425,7513
2026-01-01,risk_segment,MEDIUM,47682701.19999999,31,1538151.6516129028,7533
2026-04-01,risk_segment,MEDIUM,43879742.14,30,1462658.0713333334,7533
2026-06-01,risk_segment,MEDIUM,45911578.77000002,30,1530385.9590000005,7533
2026-06-01,dpd_bucket,120+,31655819.519999992,30,1055193.9839999997,5453
2026-02-01,dpd_bucket,0-29,59164292.77999997,28,2113010.45642857,10861
2026-01-01,dpd_bucket,120+,33918448.33999998,31,1094143.494838709,5453
2026-07-01,dpd_bucket,0-29,65958748.089999996,31,2127701.5512903226,10861
2026-05-01,dpd_bucket,0-29,66243947.300000034,31,2136901.5258064526,10861
2026-07-01,dpd_bucket,60-89,37781494.370000005,31,1218757.882903226,5511
2026-03-01,dpd_bucket,90-119,16029451.610000003,31,517079.0841935485,2727
2026-03-01,dpd_bucket,30-59,34351367.97999999,31,1108108.6445161286,5448
2026-05-01,dpd_bucket,60-89,34644863.839999996,31,1117576.2529032256,5511
2026-02-01,dpd_bucket,30-59,30383660.27999999,28,1085130.7242857139,5448
2026-02-01,dpd_bucket,90-119,16008385.899999995,28,571728.0678571427,2727
2026-04-01,dpd_bucket,120+,27844869.33000001,30,928162.3110000003,5453
2026-06-01,dpd_bucket,0-29,62691985.09000001,30,2089732.8363333337,10861
2026-02-01,dpd_bucket,120+,32097135.960000005,28,1146326.2842857144,5453
2026-01-01,dpd_bucket,0-29,68353640.16,31,2204956.1341935485,10861
2026-04-01,dpd_bucket,90-119,15735517.2,30,524517.24,2727
2026-04-01,dpd_bucket,30-59,32684723.8,30,1089490.7933333335,5448
2026-06-01,dpd_bucket,30-59,31938715.349999994,30,1064623.8449999997,5448
2026-06-01,dpd_bucket,90-119,16027843.469999997,30,534261.4489999999,2727
2026-01-01,dpd_bucket,30-59,33277721.429999992,31,1073474.8848387094,5448
2026-01-01,dpd_bucket,90-119,18105911.06,31,584061.6470967742,2727
2026-04-01,dpd_bucket,0-29,62493725.990000024,30,2083124.1996666675,10861
2026-06-01,dpd_bucket,60-89,33245363.54000001,30,1108178.784666667,5511
2026-01-01,dpd_bucket,60-89,33573406.60000001,31,1083013.1161290326,5511
2026-07-01,dpd_bucket,30-59,32689929.08,31,1054513.8412903226,5448
2026-07-01,dpd_bucket,90-119,16409934.309999997,31,529352.7196774193,2727
2026-03-01,dpd_bucket,60-89,33625711.010000005,31,1084700.3551612904,5511
2026-05-01,dpd_bucket,30-59,33486794.749999996,31,1080219.1854838708,5448
2026-05-01,dpd_bucket,90-119,16533148.780000001,31,533327.38,2727
2026-02-01,dpd_bucket,60-89,32488978.840000007,28,1160320.6728571432,5511
2026-03-01,dpd_bucket,0-29,72597144.35999995,31,2341843.3664516113,10861
2026-03-01,dpd_bucket,120+,32308699.059999995,31,1042216.0987096772,5453
2026-04-01,dpd_bucket,60-89,36379207.09000002,30,1212640.236333334,5511
2026-07-01,dpd_bucket,120+,34402159.23000001,31,1109747.0719354842,5453
2026-05-01,dpd_bucket,120+,33341523.830000013,31,1075533.0267741939,5453
2026-03-01,loan_type,CREDIT_CARD,38978246.97000001,31,1257362.8054838714,6080
2026-05-01,loan_type,CONSUMER,40297042.51,31,1299904.597096774,5930
2026-05-01,loan_type,PERSONAL,35208186.97999999,31,1135747.967096774,5983
2026-01-01,loan_type,CONSUMER,38545246.19999999,31,1243395.038709677,5930
2026-01-01,loan_type,PERSONAL,34462220.43,31,1111684.53,5983
2026-03-01,loan_type,AUTO,38658064.32999998,31,1247034.333225806,6079
2026-02-01,loan_type,CREDIT_CARD,36391149.29000001,28,1299683.9032142858,6080
2026-04-01,loan_type,CREDIT_CARD,34714591.99000001,30,1157153.0663333337,6080
2026-07-01,loan_type,PERSONAL,37795502.44000001,31,1219209.7561290327,5983
2026-07-01,loan_type,CONSUMER,37367170.8,31,1205392.606451613,5930
2026-03-01,loan_type,BNPL,35295730.530000016,31,1138571.9525806457,5928
2026-02-01,loan_type,CONSUMER,33629951.42,28,1201069.6935714285,5930
2026-02-01,loan_type,PERSONAL,34019560.14,28,1214984.2907142858,5983
2026-04-01,loan_type,CONSUMER,34063112.70000001,30,1135437.0900000003,5930
2026-04-01,loan_type,PERSONAL,34082373.13000001,30,1136079.1043333337,5983
2026-06-01,loan_type,AUTO,34438191.55,30,1147939.7183333333,6079
2026-07-01,loan_type,CREDIT_CARD,37395281.76999998,31,1206299.4119354833,6080
2026-05-01,loan_type,BNPL,34566167.089999996,31,1115037.648064516,5928
2026-01-01,loan_type,BNPL,37803070.08999999,31,1219453.8738709674,5928
2026-06-01,loan_type,BNPL,32983380.500000007,30,1099446.0166666668,5928
2026-05-01,loan_type,AUTO,37776303.35000002,31,1218590.4306451618,6079
2026-01-01,loan_type,AUTO,38389026.44,31,1238355.6916129033,6079
2026-02-01,loan_type,AUTO,34416222.13000001,28,1229150.7903571432,6079
2026-04-01,loan_type,AUTO,36617991.99999999,30,1220599.7333333332,6079
2026-06-01,loan_type,CONSUMER,35937093.01999999,30,1197903.1006666662,5930
2026-06-01,loan_type,PERSONAL,35364418.93,30,1178813.9643333333,5983
2026-07-01,loan_type,BNPL,37257306.360000014,31,1201848.592258065,5928
2026-03-01,loan_type,CONSUMER,38372524.90000003,31,1237823.3838709686,5930
2026-03-01,loan_type,PERSONAL,37607807.29,31,1213155.0738709676,5983
2026-05-01,loan_type,CREDIT_CARD,36402578.57,31,1174276.728064516,6080
2026-01-01,loan_type,CREDIT_CARD,38029564.43000001,31,1226760.142903226,6080
2026-06-01,loan_type,CREDIT_CARD,36836642.97,30,1227888.099,6080
2026-07-01,loan_type,AUTO,37427003.70999998,31,1207322.70032258,6079
2026-02-01,loan_type,BNPL,31685570.780000005,28,1131627.527857143,5928
2026-04-01,loan_type,BNPL,35659973.59,30,1188665.7863333335,5928
2026-02-01,state,Maharashtra,33426016.470000014,28,1193786.3025000005,5376
2026-07-01,state,Rajasthan,15645708.489999998,31,504700.2738709677,2587
2026-03-01,state,Karnataka,13792611.059999999,31,444922.9374193548,2706
2026-05-01,state,Telangana,17329936.21,31,559030.2003225806,2823
2026-07-01,state,Karnataka,19005405.480000008,31,613077.5961290326,2706
2026-03-01,state,Rajasthan,17318781.750000007,31,558670.3790322583,2587
2026-01-01,state,Telangana,16662941.780000001,31,537514.250967742,2823
2026-04-01,state,Telangana,16915860.770000003,30,563862.0256666668,2823
2026-06-01,state,Telangana,15535682.07,30,517856.069,2823
2026-02-01,state,Odisha,15134854.170000002,28,540530.5060714287,2824
2026-03-01,state,,18226610.590000004,31,587955.1803225807,2913
2026-03-01,state,Tamil Nadu,15189635.02,31,489988.2264516129,2752
2026-05-01,state,West Bengal,15792095.899999995,31,509422.4483870966,2688
2026-01-01,state,Odisha,18676447.41,31,602466.045483871,2824
2026-04-01,state,Odisha,15397834.02,30,513261.13399999996,2824
2026-02-01,state,Karnataka,14070805.670000004,28,502528.77392857155,2706
2026-03-01,state,Maharashtra,35045489.460000016,31,1130499.6600000006,5376
2026-05-01,state,Haryana,16676093.680000003,31,537938.5058064518,2562
2026-01-01,state,Delhi,18227521.559999995,31,587984.5664516127,2769
2026-04-01,state,Delhi,16228073.309999999,30,540935.777,2769
2026-06-01,state,Tamil Nadu,15816051.120000003,30,527201.7040000001,2752
2026-06-01,state,,16533164.049999997,30,551105.4683333333,2913
2026-02-01,state,Rajasthan,14705264.689999998,28,525188.024642857,2587
2026-07-01,state,Maharashtra,34235744.46000001,31,1104378.8535483873,5376
2026-05-01,state,Delhi,16417909.650000002,31,529609.9887096775,2769
2026-01-01,state,Haryana,14839285.380000003,31,478686.6251612904,2562
2026-04-01,state,Haryana,16571433.04,30,552381.1013333333,2562
2026-06-01,state,Haryana,14242675.29,30,474755.843,2562
2026-07-01,state,West Bengal,17614293.740000002,31,568203.0238709678,2688
2026-03-01,state,Odisha,20513731.66,31,661733.2793548388,2824
2026-01-01,state,,15708123.219999999,31,506713.6522580645,2913
2026-01-01,state,Tamil Nadu,19119039.450000007,31,616743.2080645163,2752
2026-04-01,state,,15965976.969999995,30,532199.2323333331,2913
2026-04-01,state,Tamil Nadu,15044868.240000002,30,501495.60800000007,2752
2026-06-01,state,Delhi,17334477.810000002,30,577815.927,2769
2026-07-01,state,Odisha,18076496.169999994,31,583112.7796774192,2824
2026-03-01,state,West Bengal,18974365.519999992,31,612076.307096774,2688
2026-05-01,state,,18129474.560000002,31,584821.7600000001,2913
2026-05-01,state,Tamil Nadu,18165250.480000004,31,585975.821935484,2752
2026-06-01,state,Odisha,16640134.24,30,554671.1413333333,2824
2026-02-01,state,Telangana,17005491.6,28,607338.9857142858,2823
2026-07-01,state,Delhi,16133734.530000001,31,520443.04935483873,2769
2026-03-01,state,Haryana,15415909.249999996,31,497287.3951612902,2562
2026-05-01,state,Maharashtra,30540647.240000013,31,985182.1690322584,5376
2026-06-01,state,Maharashtra,33442658.410000004,30,1114755.2803333334,5376
2026-07-01,state,Tamil Nadu,13582286.190000001,31,438138.2641935484,2752
2026-07-01,state,,19954449.529999994,31,643691.9203225805,2913
2026-05-01,state,Odisha,19122642.03999999,31,616859.4206451611,2824
2026-01-01,state,West Bengal,16667259.490000006,31,537653.531935484,2688
2026-04-01,state,West Bengal,15143729.180000002,30,504790.9726666667,2688
2026-02-01,state,West Bengal,16723489.57,28,597267.4846428571,2688
2026-06-01,state,Rajasthan,15334531.510000002,30,511151.0503333334,2587
2026-02-01,state,,14779441.940000005,28,527837.2121428574,2913
2026-02-01,state,Tamil Nadu,14998504.289999995,28,535660.8674999998,2752
2026-06-01,state,Karnataka,15369108.310000002,30,512303.61033333343,2706
2026-06-01,state,West Bengal,15311244.16,30,510374.8053333333,2688
2026-07-01,state,Haryana,15723343.870000005,31,507204.6409677421,2562
2026-01-01,state,Maharashtra,31257983.649999987,31,1008322.0532258061,5376
2026-04-01,state,Maharashtra,33206376.96000001,30,1106879.2320000003,5376
2026-03-01,state,Delhi,17959164.880000003,31,579327.8993548388,2769
2026-07-01,state,Telangana,17270802.620000005,31,557122.6651612904,2823
2026-05-01,state,Rajasthan,16785250.46,31,541459.6922580645,2587
2026-01-01,state,Karnataka,17818739.639999993,31,574798.0529032255,2706
2026-04-01,state,Karnataka,14895346.36,30,496511.5453333333,2706
2026-02-01,state,Delhi,15777256.259999998,28,563473.4378571428,2769
2026-02-01,state,Haryana,13521329.099999996,28,482904.6107142856,2562
2026-03-01,state,Telangana,16476074.830000004,31,531486.2848387097,2823
2026-05-01,state,Karnataka,15290978.280000001,31,493257.36387096776,2706
2026-01-01,state,Rajasthan,18251786.009999994,31,588767.2906451611,2587
2026-04-01,state,Rajasthan,15768544.560000008,30,525618.1520000002,2587
